﻿Designator,Footprint,Quantity,Value,LCSC Part #
"C1, C6",0805,2,22uF,
D1,0805,1,YELLOW_LED,
"D11, D13, D20, D21, D22, D23, D24, D25, D3, D5, D7, D9",0805,12,RED_LED,
"F1, F10, F11, F12, F2, F3, F4, F5, F6, F7, F8, F9",Fuseholder_Littelfuse_100_series_5x20mm,12,Fuse,
"H1, H2, H3, H4",MountingHole_3.2mm_M3_DIN965_Pad,4,MountingHole,
"J1, J10, J11, J12, J2, J3, J4, J5, J6, J7, J8, J9",TerminalBlock_Wuerth_691311400102_P7.62mm,12,Screw_Terminal_01x02,
"J13, J14",PinHeader_1x06_P2.54mm_Vertical,2,Conn_01x06,
J15,BarrelJack_Horizontal,1,Barrel_Jack_MountingPin,
"J16, J17, J18, J19, J20, J21, J22, J23, J24, J25, J26, J27",JST_EH_B2B-EH-A_1x02_P2.50mm_Vertical,12,Conn_01x02_Pin,
J28,PinHeader_1x04_P2.54mm_Vertical,1,Conn_01x04_Pin,
"K1, K10, K11, K12, K2, K3, K4, K5, K6, K7, K8, K9",RELAY_G3MB-202P,12,G3MB-202P,
"Q1, Q10, Q11, Q12, Q2, Q3, Q4, Q5, Q6, Q7, Q8, Q9",SOT-23,12,SS8050,
R1,0805,1,2K,
"R10, R11, R13, R14, R16, R17, R19, R2, R20, R21, R22, R23, R24, R25, R32, R33, R34, R35, R36, R37, R4, R6, R7, R9",0805,24,1K,
"R12, R15, R18, R26, R27, R28, R29, R3, R30, R31, R5, R8",0805,12,10K,
U1,SOT-223-3_TabPin2,1,AMS1117-3.3,
U8,MODULE_ESP32-DEVKITC-32D,1,ESP32-DEVKITC-32D,
